/*
SQLyog Ultimate v12.5.0 (64 bit)
MySQL - 5.7.28-log : Database - edu_home
*********************************************************************
*/

/*!40101 SET NAMES utf8 */;

/*!40101 SET SQL_MODE=''*/;

/*!40014 SET @OLD_UNIQUE_CHECKS=@@UNIQUE_CHECKS, UNIQUE_CHECKS=0 */;
/*!40014 SET @OLD_FOREIGN_KEY_CHECKS=@@FOREIGN_KEY_CHECKS, FOREIGN_KEY_CHECKS=0 */;
/*!40101 SET @OLD_SQL_MODE=@@SQL_MODE, SQL_MODE='NO_AUTO_VALUE_ON_ZERO' */;
/*!40111 SET @OLD_SQL_NOTES=@@SQL_NOTES, SQL_NOTES=0 */;
CREATE DATABASE /*!32312 IF NOT EXISTS*/`edu_home` /*!40100 DEFAULT CHARACTER SET utf8 */;

USE `edu_home`;

/*Table structure for table `course` */

DROP TABLE IF EXISTS `course`;

CREATE TABLE `course` (
  `id` int(11) unsigned NOT NULL AUTO_INCREMENT COMMENT 'id',
  `course_name` varchar(255) DEFAULT NULL COMMENT '课程名',
  `brief` varchar(255) DEFAULT NULL COMMENT '课程一句话简介',
  `teacher_name` varchar(255) DEFAULT NULL COMMENT '讲师名称',
  `teacher_info` varchar(255) DEFAULT NULL COMMENT '讲师介绍',
  `total_course_time` int(5) DEFAULT NULL COMMENT '课时数',
  `sales` int(11) DEFAULT '0' COMMENT '显示销量',
  `actual_sales` int(11) DEFAULT '0' COMMENT '真实销量',
  `price` double(10,2) DEFAULT NULL COMMENT '原价',
  `price_tag` varchar(255) DEFAULT NULL COMMENT '原价标签',
  `discounts` double(10,2) DEFAULT NULL COMMENT '优惠价',
  `course_description` longtext COMMENT '课程描述',
  `course_img_url` varchar(255) DEFAULT NULL COMMENT '课程分享图片url',
  `is_new` tinyint(1) DEFAULT NULL COMMENT '是否新品',
  `is_new_des` varchar(255) DEFAULT NULL COMMENT '广告语',
  `last_operator_id` int(11) DEFAULT NULL COMMENT '最后操作者',
  `create_time` datetime DEFAULT NULL COMMENT '记录创建时间',
  `update_time` datetime DEFAULT NULL COMMENT '更新时间',
  `is_del` tinyint(1) DEFAULT '0' COMMENT '是否删除,0未删除，1删除',
  `total_duration` int(11) DEFAULT NULL COMMENT '总时长(分钟)',
  `share_title` varchar(255) DEFAULT NULL COMMENT '分享title',
  `share_description` text COMMENT '分享描述',
  `share_image_title` varchar(255) DEFAULT NULL COMMENT '分享图title',
  `status` int(2) DEFAULT NULL COMMENT '课程状态，0-草稿，1-上架',
  `sort_num` int(11) DEFAULT NULL COMMENT '课程排序，用于后台保存草稿时用到',
  `course_type` tinyint(3) DEFAULT NULL COMMENT '课程类型: 1 音视频课 2 伴读课',
  `last_notice_time` datetime DEFAULT NULL COMMENT '最后课程最近通知时间',
  `preview_first_field` varchar(255) DEFAULT NULL COMMENT '课程预览第一个字段',
  `preview_second_field` varchar(255) DEFAULT NULL COMMENT '课程预览第二个字段',
  `is_gray` tinyint(1) DEFAULT '0' COMMENT '是否是灰度课程',
  `grade` tinyint(2) DEFAULT '0' COMMENT '0 初级 1 初中级 2 中级 3 中高级 4 高级',
  PRIMARY KEY (`id`) USING BTREE
) ENGINE=InnoDB AUTO_INCREMENT=61 DEFAULT CHARSET=utf8;

/*Data for the table `course` */

insert  into `course`(`id`,`course_name`,`brief`,`teacher_name`,`teacher_info`,`total_course_time`,`sales`,`actual_sales`,`price`,`price_tag`,`discounts`,`course_description`,`course_img_url`,`is_new`,`is_new_des`,`last_operator_id`,`create_time`,`update_time`,`is_del`,`total_duration`,`share_title`,`share_description`,`share_image_title`,`status`,`sort_num`,`course_type`,`last_notice_time`,`preview_first_field`,`preview_second_field`,`is_gray`,`grade`) values 
(1,'100个Java面试必考点','JAVA面试精讲：32个知识点助你拿Offer','汪老师','研发多项Java课题',150,113420,26,8000.00,'立即购买',88.80,'[{\"content\":[\"即日起——3月31日\",\"购买本课程后，可联系工作人员微信kaiwubzr3参与以下活动：\",\"1. 进行门槛互动，可100%获得课件；\",\"2. 凭正式入职offer可申请全额退款，限量100位，先到先得；\"],\"orderNum\":0,\"title\":\"限时活动\",\"type\":\"html-raw\"},{\"content\":[\"2018年有很多工程师向拉勾咨询，提出了他们对工作、求职的诸多困惑：\",\"* 面试前通宵刷题、全网搜索面经，收效甚微;\",\"* 局限于常用技术，对于形成架构思维和体系化梳理知识点还有所欠缺;\",\"* 平时工作能力不错，和领导汇报时却不得要领，不受器重;\",\"<br/>\",\"针对以上问题，拉勾联合新浪微博资深技术专家张雷，走访了百位一线互联网公司面试官，结合拉勾40W+技术岗位大数据，对资深工程师的入职要求进行提炼，开发出这套课程。\",\"<br/>\",\"课程重点串讲30+Java知识点、面试加分项，并配以易考真题。不仅帮助你在200分钟内梳理年薪50万Java工程师必会知识框架，补齐能力短板，还能学会如何更好的面向上级、团队展现自己的优势。用于面试前的查漏补缺、职业规划和晋升评审，都有一定参考价值。\",\"<br/>\"],\"orderNum\":0,\"title\":\"课程背景\",\"type\":\"html-raw\"},{\"content\":[\"1. 通晓面试流程及侧重点\",\"2. 掌握Java知识框架和学习路径\",\"3. 学会自己做职业规划\",\"4. 学会展示自己的职场优势\",\"5. 纠正求职误区，提升面试通过率\"],\"orderNum\":0,\"title\":\"学习收获\",\"type\":\"text\"},{\"content\":[\"https://www.lgstatic.com/i/audio1/M00/02/1E/CgHIk1xn4nSAJzzaAAOiEb50CW8892.png\"],\"orderNum\":0,\"title\":\"课程大纲\",\"type\":\"image\"},{\"content\":[\"1. 购买后立刻解锁学习视频，可永久观看\",\"2. 方法一：登录拉勾APP，可在“言职”板块首页快速找到已购课程\",\"3. 方法二：将本课程页面分享至微信，或加入收藏，方便下次学习\"],\"orderNum\":0,\"title\":\"快速查看已购课程\",\"type\":\"html-raw\"},{\"content\":[\"1.     本课程为视频课程，共计11课时，持续更新中；\",\"2.     视频课程为虚拟内容，一旦售出无法申请退款；\",\"3.     由于Apple政策原因，苹果手机用户需充值勾豆后才能完成购买，勾豆充值暂不支持退款；若操作不便，可前往web端使用其他方式扫码支付；\",\"4.     本课程版权归拉勾所有，严禁翻录，有任何问题可联系工作微信：kaiwubzr3\"],\"orderNum\":0,\"title\":\"订阅须知\",\"type\":\"text\"},{\"content\":[\"麦思博（MSUP）是面向软件研发团队的专业培训咨询机构，服务于软件开发团队的技能提升、软件工程的实际应用和软件品质的创新与超越。每年携手2000+互联网技术领域顶尖客座教练开设500余场线下课程。\"],\"orderNum\":0,\"title\":\"合作机构\",\"type\":\"text\"}]','H:/upload/520eb8a278d242129286c3f689e518503c9268af4739454685cbc896bf7d21f2yaoshui.jpg',1,'',100011619,'2019-01-23 20:31:35','2020-07-08 12:03:51',0,300,'Java面试80%的人都会踩这些坑，你知道几种？','新浪技术专家张雷：掌握这32个知识点，你也可以挑战互联网巨头好工作','Java核心突破15讲',0,1,1,'2019-10-08 14:07:01','共12讲','已更新至第2讲',0,0),
(2,'300分钟搞定算法面试','力扣（LeetCode）骨灰级题解贡献者刷题笔记首次公开','唐老师','资深算法专家',100,9271,7,198.00,'立即购买',88.00,'[{\"content\":[\"拉勾对&nbsp;1000+&nbsp;技术求职者进行调研，90%&nbsp;以上的人表示面试时都被考察过数据结构与算法。\",\"<br/>\",\"在以&nbsp;BAT&nbsp;为代表的一二线互联网公司，乃至硅谷高科技公司的面试里，数据结构与算法的考察都占了相当大的比重，同时也是淘汰率最高的面试环节，数据结构与算法已经成为进入互联网名企的必过门槛。\",\"<br/>\",\"重视技术的互联网公司热衷于考察数据结构与算法的主要原因有四：\",\"1、考察数据结构与算法能够准确辨别一个程序员的技术功底是否扎实；\",\"2、考察数据结构与算法是发掘程序员的学习能力与成长潜力的关键手段；\",\"3、考察数据结构与算法能够协助判断程序员在面对新问题时，分析并解决问题的能力；\",\"4、掌握数据结构与算法是设计一个高性能系统、性能优化的必备基础。\",\"<br/>\",\"我们接到很多技术同学向拉勾求助：作为一枚&nbsp;CRUD boy&nbsp;，工作中很少用到数据结构与算法，疏于练习和钻研，想摆脱困境去一家好公司，如何才能在有限的时间内快速提升算法能力呢？\",\"<br/>\",\"为了解决这个问题，拉勾联合技术人算法能力提升平台 力扣（LeetCode）共同邀请到&nbsp;Google&nbsp;资深软件工程师、力扣（LeetCode）骨灰级题解贡献者苏勇老师，共同打造攻坚算法面试的系列课程。这堂课结合拉勾&nbsp;40万研发岗位标准大数据和苏老师冲击&nbsp;Google&nbsp;的实战经验， 帮你在&nbsp;300&nbsp;分钟内快速绘制出数据结构与算法的重点知识体系，并以&nbsp;35道高频面试真题辅助讲解，深度剖析算法面试考察点与解题思路，最后增加模拟面试和求职彩蛋内容，带你举一反三，快速搞定算法面试。\"],\"title\":\"课程背景\",\"type\":\"html-raw\"},{\"content\":[\"1、巩固数据结构与算法面试考察点\",\"2、了解互联网大厂算法面试解题思路\",\"3、掌握 力扣（LeetCode）经典高频题解法\",\"4、学会主动出击 Get 算法面试的考察点\"],\"title\":\"学习收获\",\"type\":\"text\"},{\"content\":[\"1、加入算法技术交流群，<a href=\'http://t.cn/AiQBVRIR\'>戳此加入>>></a>\",\"2、凭购买截图，可免费领取算法资料包\"],\"title\":\"限时活动\",\"type\":\"html-raw\"},{\"content\":[\"https://www.lgstatic.com/i/audio1/M00/05/D1/CgHIk10JrpGAAcduAAKv29L4zek079.png\"],\"title\":\"课程大纲\",\"type\":\"image\"},{\"content\":[\"1. 购买后立刻解锁学习视频，可永久观看\",\"2. 方法一：登录拉勾APP，可在“言职”板块首页快速找到已购课程\",\"3. 方法二：将本课程页面分享至微信，或加入收藏，方便下次学习（PC端和移动端都支持此项）\"],\"title\":\"快速查看已购课程\",\"type\":\"html-raw\"},{\"content\":[\"1.     本课程为视频课程，每周持续更新；\",\"2.     内容干货紧凑，学习贵在坚持；\",\"3.      视频课程为虚拟内容，一旦售出无法申请退款；\",\"4.     本课程版权归拉勾所有，严禁翻录，违者必究；\",\"5.     学习过程中，有任何问题或产品建议，欢迎联系工作人员微信：lagouandy\"],\"title\":\"订阅须知\",\"type\":\"text\"},{\"content\":[\"<a href=\'https://leetcode-cn.com/problemset/all/?utm_campaign=course_lagou&utm_medium=web&utm_source=lagou&gio_link_id=nRbJl7R3\' target=\'_blank\'><img width=\'20%\' src=\'https://www.lgstatic.com/i/audio1/M00/05/D1/CgHIk10JsAaASXAbAAAPGKGNDN8319.png\'/></a>\",\"力扣（LeetCode）是全球极客挚爱的技术成长平台，为国内外知名互联网企业提供技术面试资源。我们涵盖算法、数据结构、系统设计和数据库等学习内容，帮助程序员提升工作与求职技能。\"],\"title\":\"合作机构\",\"type\":\"html-raw\"}]','//www.lgstatic.com/i/audio1/M00/05/D1/CgHIk10Jsg2ANBxhAAAo6dlmJ6s910.png',1,'新品预售',23,'2019-06-19 11:05:14','2020-06-30 16:49:47',0,200,'如何在一天内准备算法面试？','Google资深工程师苏勇，为你趣解35个大厂算法真题',NULL,1,2,3,NULL,'共12讲','已更新至第2讲',0,0),
(3,'如何高效准备简历和面试','教你避开80%技术人求职都吃过的亏','代老师','在斗罗大陆工作了5年',6,4896,25,68.00,'立刻购买',12.00,'[{\"content\":[\"2019年经济遇冷，互联网企业都不同程度的改变了招聘策略：以吸引高端候选人为主，中基层招聘岗位为辅，且逐步收紧。这一举动让大多数求职者收获心仪Offer的难度系数陡增。如何在“僧多粥少”的大背景下，提高进入心仪公司的成功率，成为困扰求职者的新难题。\",\"<br/>\",\"鉴于此，我们找到了拉勾金牌职业规划师吴文娟。通过总结各类求职者简历与面试经验，提炼出面试中高频出现的问题和误区，并给到优化方案，打造出这门《技术人如何高效准备简历和面试》课程。\",\"<br/>\",\"如果你的简历总是石沉大海、如果你拿不准如何突出优势、如果你在面试中不知道如何表现自己，如果你不了解HR或面试官的提问套路，那么这门课可以给你答案。希望学习完之后，能帮你找到高效准备面试的方法，在求职过程中事半功倍，斩获心仪的Offer。\",\"<br/>\"],\"orderNum\":0,\"title\":\"课程背景\",\"type\":\"html-raw\"},{\"content\":[\"1、了解互联网行业薪资情况\",\"2、了解一线城市职位供需变化\",\"3、知道如何选择命中率高的工作\",\"4、学会优化简历和面试\",\"5、理解STAR法则\",\"6、免费领取两份彩蛋\"],\"orderNum\":0,\"title\":\"学习收获\",\"type\":\"text\"},{\"content\":[\"https://www.lgstatic.com/i/audio1/M00/05/EB/CgHIk10dfA6AXY40AAEeHpOwlGk635.png\"],\"orderNum\":0,\"title\":\"课程大纲\",\"type\":\"image\"},{\"content\":[\"1. 购买后立刻解锁学习视频，可永久观看\",\"2. 方法一：登录拉勾APP，可在“言职”板块首页快速找到已购课程\",\"3. 方法二：将本课程页面分享至微信，或加入收藏，方便下次学习（PC端和移动端都支持此项）\"],\"orderNum\":0,\"title\":\"快速查看已购课程\",\"type\":\"html-raw\"},{\"content\":[\"1.     本课程为视频课程，每周持续更新；\",\"2.     内容干货紧凑，学习贵在坚持；\",\"3.      视频课程为虚拟内容，一旦售出无法申请退款；\",\"4.     本课程版权归拉勾所有，严禁翻录，违者必究；\",\"5.      学习过程中，有任何问题或产品建议，欢迎联系工作人员微信：lagouandy\"],\"orderNum\":0,\"title\":\"订阅须知\",\"type\":\"text\"}]','//www.lgstatic.com/i/audio1/M00/05/EB/CgHIk10deqmAbWazAAAHQDj-N48533.jpg',1,'新品上架',100011619,'2019-07-04 11:46:30','2020-06-30 16:45:33',0,60,'技术人如何高效准备简历和面试','拉勾金牌职业规划师带你提高求职命中率',NULL,1,3,1,NULL,'共12讲','已更新至第3讲',0,0),
(4,'高性能MySQL实战打发打发','快速掌握MySQL要领，支撑互联网高并发请求','胡老师','技术大牛,十年架构经验',20,8459,19,999.00,'立刻购买',1.00,'[{\"content\":[\"目前国内大部分互联网公司都选择MySQL数据库来支撑自己的业务，且由于互联网常常伴随着海量用户、高并发请求，因此对MySQL的性能、可用性、扩展性都提出了很高的要求。灵活使用MySQL支撑互联网的海量数据和高并发请求已经是互联网开发、运维、DBA的必备技能，也是衡量能力水平和薪资水平的重要标准。\",\"<br/>\",\"如何快速掌握MySQL数据库的要领，来支撑海量数据和高并发请求呢？我们找到了周彦伟老师，他在数据库开发和运维领域深耕近15年，不仅具备社交、旅游电商互联网公司的数据库管理经验，还自主创业研发出云原生数据库产品ArkDB，为学而思、央视网等多家企业提供提供企业级数据库解决方案。\",\"<br/>\",\"这门课涵盖MySQL的底层运行机制、如何发挥MySQL的最佳性能、MySQL在互联网应用领域的最佳实践。从架构设计优化、MySQL的高可用、高性能和可扩展性等方面展开详解，最后附上海量数据MySQL实战项目讲解，深入浅出帮你快速建立MySQL全盘要点，带你掌握处理海量业务数据和高并发请求的核心方法。\"],\"title\":\"课程背景\",\"type\":\"html-raw\"},{\"content\":[\"1、掌握MySQL的底层运行机制\",\"2、掌握如何发挥MySQL的最佳性能\",\"3、掌握如何处理海量业务数据和高并发请求\",\"4、增加在工作和面试中的竞争力\"],\"title\":\"学习收获\",\"type\":\"text\"},{\"content\":[\"https://www.lgstatic.com/i/audio1/M00/05/F4/CgHIk10mx3OAFGLhAAWofAucyzg700.png\"],\"title\":\"课程大纲\",\"type\":\"image\"},{\"content\":[\"1. 购买后立刻解锁学习视频，可永久观看\",\"2. 方法一：登录拉勾APP，可在“言职”板块首页快速找到已购课程\",\"3. 方法二：将本课程页面分享至微信，或加入收藏，方便下次学习\"],\"title\":\"快速查看已购课程\",\"type\":\"html-raw\"},{\"content\":[\"1.     本课程为视频课程，每周持续更新；\",\"2.     内容干货紧凑，学习贵在坚持；\",\"3.      视频课程为虚拟内容，一旦售出无法申请退款；\",\"4.     本课程版权归拉勾所有，严禁翻录，违者必究；\",\"5.     学习过程中，有任何问题或产品建议，欢迎联系工作人员微信：lagouandy\"],\"title\":\"订阅须知\",\"type\":\"text\"},{\"content\":[\"<img width=\'20%\' src=\'https://www.lgstatic.com/i/audio1/M00/05/F4/CgHIk10mxymAWSY7AAAGBDb_15w443.jpg\'/>\",\"极数云舟是中国领先的数据库产品和解决方案提供商。创始团队由多名数据库领域顶尖技术专家组成，深耕数据库运维管理与内核源码研究。产品服务包括企业级云原生数据库ArkDB、数据库云管平台Arkcontrol、数据库中间件Arkproxy、分布式高可用监控系统Arksentinel和实时异构同步系统Arkgate等。曾服务过鞍钢集团、学而思、长城汽车、央视网、万顺叫车等核心客户。。\"],\"title\":\"合作机构\",\"type\":\"html-raw\"}]','H:/upload/4be9d5cc976e4ea7979f880fd8eef16eic.jpg',1,'新品预热',100011619,'2019-07-04 11:46:30','2020-06-30 16:42:53',0,300,'高性能MySQL实战','教你掌握海量数据MySQL调优方案','',1,4,1,NULL,'共12讲','已更新至第2讲',0,0),
(10,'MySQL高级','在搏击教练切磋的过程中被KO','麻保国','浑元形意太极拳掌门人',NULL,0,0,8888.80,'欢迎入坑',888.80,'浑圆形意太极拳，拳打南山幼儿园.','H:/upload/82aeb47f6af1452cae7328087e3a3b6d08.png',NULL,NULL,NULL,'2020-06-17 11:02:02','2020-07-02 11:25:55',0,NULL,'国家级大师','被KO后的自我疗伤',NULL,1,5,NULL,NULL,'共10讲','每周五更新',0,0),
(14,'微服务架构','大厂架构师带你一起学','PDD','技术精湛,安全驾驶30年',NULL,0,0,800.00,'先到先得',88.80,'十年编程两茫茫，工期短，需求长。千行代码，Bug何处藏。纵使上线又如何，新版本，继续忙。黑白颠倒没商量，睡地铺，吃食堂。夜半梦醒，无人在身旁。最怕灯火阑珊时，手机响，心里慌.','https://www.lgstatic.com/M00/07/EHAAATppR2kz001.jpg',NULL,NULL,NULL,'2020-06-17 12:01:43','2020-06-30 16:50:58',0,NULL,'IT修炼之路,永无止境','金牌讲师带你了解最新最牛的技术,让你的实力再次进阶!',NULL,1,6,NULL,NULL,'共5讲','每周二更新',0,0),
(15,'微服务架构','大厂架构师带你一起学','PDD','技术精湛,安全驾驶30年',NULL,0,0,800.00,'先到先得',88.80,'十年编程两茫茫，工期短，需求长。千行代码，Bug何处藏。纵使上线又如何，新版本，继续忙。黑白颠倒没商量，睡地铺，吃食堂。夜半梦醒，无人在身旁。最怕灯火阑珊时，手机响，心里慌.','https://www.lgstatic.com/M00/07/EHAAATppR2kz001.jpg',NULL,NULL,NULL,'2020-06-17 13:50:25','2020-06-17 13:50:25',0,NULL,'IT修炼之路,永无止境','金牌讲师带你了解最新最牛的技术,让你的实力再次进阶!',NULL,0,7,NULL,NULL,'共5讲','每周二更新',0,0),
(18,'麻式太极','在搏击教练切磋的过程中被KO','麻保国','浑元形意太极拳掌门人',NULL,0,0,8888.80,'欢迎入坑',888.80,'浑圆形意太极拳，拳打南山幼儿园.','https://www.xxx.com/ko.jpg',NULL,NULL,NULL,'2020-06-17 20:16:10','2020-06-19 14:35:06',0,NULL,'国家级大师','被KO后的自我疗伤',NULL,0,8,NULL,NULL,'共10讲','每周五更新',0,0),
(19,'微服务架构','大厂架构师带你一起学','药水','药不能停',NULL,0,0,800.00,'先到先得',88.80,'十年编程两茫茫，工期短，需求长。千行代码，Bug何处藏。纵使上线又如何，新版本，继续忙。黑白颠倒没商量，睡地铺，吃食堂。夜半梦醒，无人在身旁。最怕灯火阑珊时，手机响，心里慌.','H:/upload/40143593673945749617b0abe0a81c49yaoshui.jpg',NULL,NULL,NULL,'2020-06-17 20:17:23','2020-06-19 16:36:39',0,NULL,'IT修炼之路永无止境','金牌讲师带你了解最新最牛的技术让你的实力再次进阶!',NULL,0,9,NULL,NULL,'共5讲','每周二更新',0,0),
(20,'微服务架构','大厂架构师带你一起学','PDD','技术精湛,安全驾驶30年',NULL,0,0,800.00,'先到先得',88.80,'十年编程两茫茫，工期短，需求长。千行代码，Bug何处藏。纵使上线又如何，新版本，继续忙。黑白颠倒没商量，睡地铺，吃食堂。夜半梦醒，无人在身旁。最怕灯火阑珊时，手机响，心里慌.','H:/upload/7f6e3ff654db4d6fba0f7780fa8f5d94giao.jpg',NULL,NULL,NULL,'2020-06-19 10:30:25','2020-06-19 10:30:25',0,NULL,'IT修炼之路,永无止境','金牌讲师带你了解最新最牛的技术,让你的实力再次进阶!',NULL,0,10,NULL,NULL,'共5讲','每周二更新',0,0),
(21,'微服务架构','大厂架构师带你一起学','PDD','技术精湛,安全驾驶30年',NULL,0,0,800.00,'先到先得',88.80,'十年编程两茫茫，工期短，需求长。千行代码，Bug何处藏。纵使上线又如何，新版本，继续忙。黑白颠倒没商量，睡地铺，吃食堂。夜半梦醒，无人在身旁。最怕灯火阑珊时，手机响，心里慌.','H:/upload/0d85e0578aad49a5b0de4aedfaa4a3fcgiao.jpg',NULL,NULL,NULL,'2020-06-19 13:48:52','2020-06-19 13:48:52',0,NULL,'IT修炼之路,永无止境','金牌讲师带你了解最新最牛的技术,让你的实力再次进阶!',NULL,1,11,NULL,NULL,'共5讲','每周二更新',0,0),
(22,'微服务架构','大厂架构师带你一起学','PDD','技术精湛,安全驾驶30年',NULL,0,0,800.00,'先到先得',88.80,'十年编程两茫茫，工期短，需求长。千行代码，Bug何处藏。纵使上线又如何，新版本，继续忙。黑白颠倒没商量，睡地铺，吃食堂。夜半梦醒，无人在身旁。最怕灯火阑珊时，手机响，心里慌.',NULL,NULL,NULL,NULL,'2020-06-19 16:38:42','2020-06-19 16:38:42',0,NULL,'IT修炼之路,永无止境','金牌讲师带你了解最新最牛的技术,让你的实力再次进阶!',NULL,0,12,NULL,NULL,'共5讲','每周二更新',0,0),
(37,'dsdsds','dsdsdsds','dsdsds','dsdsds',NULL,0,0,32323.00,'2323',21323.00,'233232','H:/upload/63bceebeff0b4b4891bb412a13d12d5bic.jpg',NULL,NULL,NULL,'2020-06-30 15:22:34','2020-06-30 15:22:34',0,NULL,'2323','23232',NULL,1,13,NULL,NULL,'dsdsd','sdsdsds',0,0),
(38,'dsdsds','dsdsd','dsdsdsds','dsdsds',NULL,0,0,32.00,'32',23.00,'32','H:/upload/6e3d4f0cdf6c436491c36555f2174313ic.jpg',NULL,NULL,NULL,'2020-06-30 15:25:09','2020-06-30 15:25:09',0,NULL,'32','23',NULL,0,14,NULL,NULL,'dsds','dsd',0,0),
(39,'32个Java面试必考点','JAVA面试精讲：32个知识点助你拿Offer','林老师','研发多项Java课题',NULL,0,0,8000.00,'立即购买',0.00,'[{\"content\":[\"即日起——3月31日\",\"购买本课程后，可联系工作人员微信kaiwubzr3参与以下活动：\",\"1. 进行门槛互动，可100%获得课件；\",\"2. 凭正式入职offer可申请全额退款，限量100位，先到先得；\"],\"orderNum\":0,\"title\":\"限时活动\",\"type\":\"html-raw\"},{\"content\":[\"2018年有很多工程师向拉勾咨询，提出了他们对工作、求职的诸多困惑：\",\"* 面试前通宵刷题、全网搜索面经，收效甚微;\",\"* 局限于常用技术，对于形成架构思维和体系化梳理知识点还有所欠缺;\",\"* 平时工作能力不错，和领导汇报时却不得要领，不受器重;\",\"<br/>\",\"针对以上问题，拉勾联合新浪微博资深技术专家张雷，走访了百位一线互联网公司面试官，结合拉勾40W+技术岗位大数据，对资深工程师的入职要求进行提炼，开发出这套课程。\",\"<br/>\",\"课程重点串讲30+Java知识点、面试加分项，并配以易考真题。不仅帮助你在200分钟内梳理年薪50万Java工程师必会知识框架，补齐能力短板，还能学会如何更好的面向上级、团队展现自己的优势。用于面试前的查漏补缺、职业规划和晋升评审，都有一定参考价值。\",\"<br/>\"],\"orderNum\":0,\"title\":\"课程背景\",\"type\":\"html-raw\"},{\"content\":[\"1. 通晓面试流程及侧重点\",\"2. 掌握Java知识框架和学习路径\",\"3. 学会自己做职业规划\",\"4. 学会展示自己的职场优势\",\"5. 纠正求职误区，提升面试通过率\"],\"orderNum\":0,\"title\":\"学习收获\",\"type\":\"text\"},{\"content\":[\"https://www.lgstatic.com/i/audio1/M00/02/1E/CgHIk1xn4nSAJzzaAAOiEb50CW8892.png\"],\"orderNum\":0,\"title\":\"课程大纲\",\"type\":\"image\"},{\"content\":[\"1. 购买后立刻解锁学习视频，可永久观看\",\"2. 方法一：登录拉勾APP，可在“言职”板块首页快速找到已购课程\",\"3. 方法二：将本课程页面分享至微信，或加入收藏，方便下次学习\"],\"orderNum\":0,\"title\":\"快速查看已购课程\",\"type\":\"html-raw\"},{\"content\":[\"1.     本课程为视频课程，共计11课时，持续更新中；\",\"2.     视频课程为虚拟内容，一旦售出无法申请退款；\",\"3.     由于Apple政策原因，苹果手机用户需充值勾豆后才能完成购买，勾豆充值暂不支持退款；若操作不便，可前往web端使用其他方式扫码支付；\",\"4.     本课程版权归拉勾所有，严禁翻录，有任何问题可联系工作微信：kaiwubzr3\"],\"orderNum\":0,\"title\":\"订阅须知\",\"type\":\"text\"},{\"content\":[\"麦思博（MSUP）是面向软件研发团队的专业培训咨询机构，服务于软件开发团队的技能提升、软件工程的实际应用和软件品质的创新与超越。每年携手2000+互联网技术领域顶尖客座教练开设500余场线下课程。\"],\"orderNum\":0,\"title\":\"合作机构\",\"type\":\"text\"}]','H:/upload/cf6c33caaa774e4f897a872e954b288eic.jpg',NULL,NULL,NULL,'2020-06-30 15:49:12','2020-06-30 15:49:12',0,NULL,'Java面试80%的人都会踩这些坑，你知道几种？','新浪技术专家张雷：掌握这32个知识点，你也可以挑战互联网巨头好工作',NULL,1,15,NULL,NULL,'共12讲','已更新至第2讲',0,0),
(40,'32个Java面试必考点','JAVA面试精讲：32个知识点助你拿Offer','林老师','研发多项Java课题',NULL,0,0,8000.00,'立即购买',0.00,'[{\"content\":[\"即日起——3月31日\",\"购买本课程后，可联系工作人员微信kaiwubzr3参与以下活动：\",\"1. 进行门槛互动，可100%获得课件；\",\"2. 凭正式入职offer可申请全额退款，限量100位，先到先得；\"],\"orderNum\":0,\"title\":\"限时活动\",\"type\":\"html-raw\"},{\"content\":[\"2018年有很多工程师向拉勾咨询，提出了他们对工作、求职的诸多困惑：\",\"* 面试前通宵刷题、全网搜索面经，收效甚微;\",\"* 局限于常用技术，对于形成架构思维和体系化梳理知识点还有所欠缺;\",\"* 平时工作能力不错，和领导汇报时却不得要领，不受器重;\",\"<br/>\",\"针对以上问题，拉勾联合新浪微博资深技术专家张雷，走访了百位一线互联网公司面试官，结合拉勾40W+技术岗位大数据，对资深工程师的入职要求进行提炼，开发出这套课程。\",\"<br/>\",\"课程重点串讲30+Java知识点、面试加分项，并配以易考真题。不仅帮助你在200分钟内梳理年薪50万Java工程师必会知识框架，补齐能力短板，还能学会如何更好的面向上级、团队展现自己的优势。用于面试前的查漏补缺、职业规划和晋升评审，都有一定参考价值。\",\"<br/>\"],\"orderNum\":0,\"title\":\"课程背景\",\"type\":\"html-raw\"},{\"content\":[\"1. 通晓面试流程及侧重点\",\"2. 掌握Java知识框架和学习路径\",\"3. 学会自己做职业规划\",\"4. 学会展示自己的职场优势\",\"5. 纠正求职误区，提升面试通过率\"],\"orderNum\":0,\"title\":\"学习收获\",\"type\":\"text\"},{\"content\":[\"https://www.lgstatic.com/i/audio1/M00/02/1E/CgHIk1xn4nSAJzzaAAOiEb50CW8892.png\"],\"orderNum\":0,\"title\":\"课程大纲\",\"type\":\"image\"},{\"content\":[\"1. 购买后立刻解锁学习视频，可永久观看\",\"2. 方法一：登录拉勾APP，可在“言职”板块首页快速找到已购课程\",\"3. 方法二：将本课程页面分享至微信，或加入收藏，方便下次学习\"],\"orderNum\":0,\"title\":\"快速查看已购课程\",\"type\":\"html-raw\"},{\"content\":[\"1.     本课程为视频课程，共计11课时，持续更新中；\",\"2.     视频课程为虚拟内容，一旦售出无法申请退款；\",\"3.     由于Apple政策原因，苹果手机用户需充值勾豆后才能完成购买，勾豆充值暂不支持退款；若操作不便，可前往web端使用其他方式扫码支付；\",\"4.     本课程版权归拉勾所有，严禁翻录，有任何问题可联系工作微信：kaiwubzr3\"],\"orderNum\":0,\"title\":\"订阅须知\",\"type\":\"text\"},{\"content\":[\"麦思博（MSUP）是面向软件研发团队的专业培训咨询机构，服务于软件开发团队的技能提升、软件工程的实际应用和软件品质的创新与超越。每年携手2000+互联网技术领域顶尖客座教练开设500余场线下课程。\"],\"orderNum\":0,\"title\":\"合作机构\",\"type\":\"text\"}]','H:/upload/d6c94a3cd7644be9a1ae13e97cf7c86aic.jpg',NULL,NULL,NULL,'2020-06-30 15:59:50','2020-06-30 15:59:50',0,NULL,'Java面试80%的人都会踩这些坑，你知道几种？','新浪技术专家张雷：掌握这32个知识点，你也可以挑战互联网巨头好工作',NULL,0,16,NULL,NULL,'共12讲','已更新至第2讲',0,0),
(41,'32个Java面试必考点','JAVA面试精讲：32个知识点助你拿Offer','林老师','研发多项Java课题',NULL,0,0,8000.00,'立即购买',0.00,'[{\"content\":[\"即日起——3月31日\",\"购买本课程后，可联系工作人员微信kaiwubzr3参与以下活动：\",\"1. 进行门槛互动，可100%获得课件；\",\"2. 凭正式入职offer可申请全额退款，限量100位，先到先得；\"],\"orderNum\":0,\"title\":\"限时活动\",\"type\":\"html-raw\"},{\"content\":[\"2018年有很多工程师向拉勾咨询，提出了他们对工作、求职的诸多困惑：\",\"* 面试前通宵刷题、全网搜索面经，收效甚微;\",\"* 局限于常用技术，对于形成架构思维和体系化梳理知识点还有所欠缺;\",\"* 平时工作能力不错，和领导汇报时却不得要领，不受器重;\",\"<br/>\",\"针对以上问题，拉勾联合新浪微博资深技术专家张雷，走访了百位一线互联网公司面试官，结合拉勾40W+技术岗位大数据，对资深工程师的入职要求进行提炼，开发出这套课程。\",\"<br/>\",\"课程重点串讲30+Java知识点、面试加分项，并配以易考真题。不仅帮助你在200分钟内梳理年薪50万Java工程师必会知识框架，补齐能力短板，还能学会如何更好的面向上级、团队展现自己的优势。用于面试前的查漏补缺、职业规划和晋升评审，都有一定参考价值。\",\"<br/>\"],\"orderNum\":0,\"title\":\"课程背景\",\"type\":\"html-raw\"},{\"content\":[\"1. 通晓面试流程及侧重点\",\"2. 掌握Java知识框架和学习路径\",\"3. 学会自己做职业规划\",\"4. 学会展示自己的职场优势\",\"5. 纠正求职误区，提升面试通过率\"],\"orderNum\":0,\"title\":\"学习收获\",\"type\":\"text\"},{\"content\":[\"https://www.lgstatic.com/i/audio1/M00/02/1E/CgHIk1xn4nSAJzzaAAOiEb50CW8892.png\"],\"orderNum\":0,\"title\":\"课程大纲\",\"type\":\"image\"},{\"content\":[\"1. 购买后立刻解锁学习视频，可永久观看\",\"2. 方法一：登录拉勾APP，可在“言职”板块首页快速找到已购课程\",\"3. 方法二：将本课程页面分享至微信，或加入收藏，方便下次学习\"],\"orderNum\":0,\"title\":\"快速查看已购课程\",\"type\":\"html-raw\"},{\"content\":[\"1.     本课程为视频课程，共计11课时，持续更新中；\",\"2.     视频课程为虚拟内容，一旦售出无法申请退款；\",\"3.     由于Apple政策原因，苹果手机用户需充值勾豆后才能完成购买，勾豆充值暂不支持退款；若操作不便，可前往web端使用其他方式扫码支付；\",\"4.     本课程版权归拉勾所有，严禁翻录，有任何问题可联系工作微信：kaiwubzr3\"],\"orderNum\":0,\"title\":\"订阅须知\",\"type\":\"text\"},{\"content\":[\"麦思博（MSUP）是面向软件研发团队的专业培训咨询机构，服务于软件开发团队的技能提升、软件工程的实际应用和软件品质的创新与超越。每年携手2000+互联网技术领域顶尖客座教练开设500余场线下课程。\"],\"orderNum\":0,\"title\":\"合作机构\",\"type\":\"text\"}]','H:/upload/b1438b28c5584ef8abf7275f807f0d3cic.jpg',NULL,NULL,NULL,'2020-06-30 16:00:34','2020-06-30 16:00:34',0,NULL,'Java面试80%的人都会踩这些坑，你知道几种？','新浪技术专家张雷：掌握这32个知识点，你也可以挑战互联网巨头好工作',NULL,1,17,NULL,NULL,'共12讲','已更新至第2讲',0,0),
(42,'高性能MySQL实战fdfdfdfdfd','快速掌握MySQL要领，支撑互联网高并发请求','胡老师','技术大牛,十年架构经验',NULL,0,0,999.00,'立刻购买',1.00,'[{\"content\":[\"目前国内大部分互联网公司都选择MySQL数据库来支撑自己的业务，且由于互联网常常伴随着海量用户、高并发请求，因此对MySQL的性能、可用性、扩展性都提出了很高的要求。灵活使用MySQL支撑互联网的海量数据和高并发请求已经是互联网开发、运维、DBA的必备技能，也是衡量能力水平和薪资水平的重要标准。\",\"<br/>\",\"如何快速掌握MySQL数据库的要领，来支撑海量数据和高并发请求呢？我们找到了周彦伟老师，他在数据库开发和运维领域深耕近15年，不仅具备社交、旅游电商互联网公司的数据库管理经验，还自主创业研发出云原生数据库产品ArkDB，为学而思、央视网等多家企业提供提供企业级数据库解决方案。\",\"<br/>\",\"这门课涵盖MySQL的底层运行机制、如何发挥MySQL的最佳性能、MySQL在互联网应用领域的最佳实践。从架构设计优化、MySQL的高可用、高性能和可扩展性等方面展开详解，最后附上海量数据MySQL实战项目讲解，深入浅出帮你快速建立MySQL全盘要点，带你掌握处理海量业务数据和高并发请求的核心方法。\"],\"title\":\"课程背景\",\"type\":\"html-raw\"},{\"content\":[\"1、掌握MySQL的底层运行机制\",\"2、掌握如何发挥MySQL的最佳性能\",\"3、掌握如何处理海量业务数据和高并发请求\",\"4、增加在工作和面试中的竞争力\"],\"title\":\"学习收获\",\"type\":\"text\"},{\"content\":[\"https://www.lgstatic.com/i/audio1/M00/05/F4/CgHIk10mx3OAFGLhAAWofAucyzg700.png\"],\"title\":\"课程大纲\",\"type\":\"image\"},{\"content\":[\"1. 购买后立刻解锁学习视频，可永久观看\",\"2. 方法一：登录拉勾APP，可在“言职”板块首页快速找到已购课程\",\"3. 方法二：将本课程页面分享至微信，或加入收藏，方便下次学习\"],\"title\":\"快速查看已购课程\",\"type\":\"html-raw\"},{\"content\":[\"1.     本课程为视频课程，每周持续更新；\",\"2.     内容干货紧凑，学习贵在坚持；\",\"3.      视频课程为虚拟内容，一旦售出无法申请退款；\",\"4.     本课程版权归拉勾所有，严禁翻录，违者必究；\",\"5.     学习过程中，有任何问题或产品建议，欢迎联系工作人员微信：lagouandy\"],\"title\":\"订阅须知\",\"type\":\"text\"},{\"content\":[\"<img width=\'20%\' src=\'https://www.lgstatic.com/i/audio1/M00/05/F4/CgHIk10mxymAWSY7AAAGBDb_15w443.jpg\'/>\",\"极数云舟是中国领先的数据库产品和解决方案提供商。创始团队由多名数据库领域顶尖技术专家组成，深耕数据库运维管理与内核源码研究。产品服务包括企业级云原生数据库ArkDB、数据库云管平台Arkcontrol、数据库中间件Arkproxy、分布式高可用监控系统Arksentinel和实时异构同步系统Arkgate等。曾服务过鞍钢集团、学而思、长城汽车、央视网、万顺叫车等核心客户。。\"],\"title\":\"合作机构\",\"type\":\"html-raw\"}]','H:/upload/e0a034383df44b48aa202a68bc689ecbic.jpg',NULL,NULL,NULL,'2020-06-30 16:04:13','2020-06-30 16:50:03',0,NULL,'高性能MySQL实战','教你掌握海量数据MySQL调优方案',NULL,1,18,NULL,NULL,'共12讲','已更新至第2讲',0,0),
(43,'大苏打实打实','大苏打实打实','大苏打实打实','的似的是的',NULL,0,0,32323.00,'3232',12323.00,'23232','H:/upload/6d29efd2d4a747fb89dc71cd799cfa7bic.jpg',NULL,NULL,NULL,'2020-06-30 16:23:31','2020-06-30 16:50:01',0,NULL,'3232','3232',NULL,1,19,NULL,NULL,'的似的是的','大苏打实打实的',0,0),
(44,'规范第三个','gdfgfdg','鬼地方个梵蒂冈是s','三个d',NULL,0,0,123.00,'12',123.00,'321321','H:/upload/d06d817b0e3a4723be62c48f95b22eee08.png',NULL,NULL,NULL,'2020-07-01 16:15:24','2020-07-01 16:15:24',0,NULL,'23213','21321',NULL,0,20,NULL,NULL,'广东省发给','归属感',0,0),
(45,'啦啦哦地方123','地方发啊发a','发发啊 发a发达','大分asaf',NULL,0,0,123.00,'发光时代',12.00,'多放点分',NULL,NULL,NULL,NULL,'2020-07-04 13:52:02','2020-07-08 16:22:04',0,NULL,'地方大','第三方发d','梵蒂冈电',0,NULL,NULL,NULL,'发大厦的','阿凡达',0,0),
(46,'快乐的100种方式','发生的方式','是分方式','分as发呆是sa',NULL,0,0,23.00,'大使馆的',21.00,'范德萨第三方as阿凡达啊发的说法','H:/upload/919ddf80d6cf4069ab3bc46d087287b0琦玉.jpg',NULL,NULL,NULL,'2020-07-04 13:53:03','2020-07-08 18:18:50',0,NULL,'佛挡杀佛','地方是否','发的说法是',1,NULL,NULL,NULL,'撒发ds','的是阿凡达',0,0),
(47,'麻式太极哦哦','在搏击教练切磋的过程中被KO','麻保国','浑元形意太极拳掌门人',NULL,0,0,8888.80,'欢迎入坑',888.80,'浑圆形意太极拳，拳打南山幼儿园.',NULL,NULL,NULL,NULL,'2020-07-04 14:02:23','2020-07-06 22:21:59',0,NULL,'国家级大师','被KO后的自我疗伤','有图有真相',0,NULL,NULL,NULL,'共10讲','每周五更新',0,0),
(48,'麻式太极','在搏击教练切磋的过程中被KO','麻保国','浑元形意太极拳掌门人',NULL,0,0,8888.80,'欢迎入坑',888.80,'浑圆形意太极拳，拳打南山幼儿园.','https://www.xxx.com/ko.jpg',NULL,NULL,NULL,'2020-07-04 14:13:12','2020-07-04 14:13:12',0,NULL,'国家级大师','被KO后的自我疗伤','有图有真相',1,NULL,NULL,NULL,'共10讲','每周五更新',0,0),
(50,'心灵鸡汤','先干为敬','奥利给','奥利给大叔',NULL,0,0,800.00,'先到先得',88.80,'十年编程两茫茫，工期短，需求长。千行代码，Bug何处藏。纵使上线又如何，新版本，继续忙。黑白颠倒没商量，睡地铺，吃食堂。夜半梦醒，无人在身旁。最怕灯火阑珊时，手机响，心里慌.','http://localhost:8080/upload/7568ddb59c2d4c079124ede5c240a083_琦玉.jpg',NULL,NULL,NULL,'2020-07-06 17:39:08','2020-07-09 19:48:40',0,NULL,'IT修炼之路永无止境','金牌讲师带你了解最新最牛的技术让你的实力再次进阶!','hello word',1,NULL,NULL,NULL,'共5讲','每周二更新',0,0),
(51,'爱妻36计','学会去找对象','药水哥','人人都是药水哥',NULL,0,0,188.00,'最新优惠价',88.88,'爱情36计,就像一场游戏','https://www.xx.com/xxx.jpg',NULL,NULL,NULL,'2020-07-06 17:40:55','2020-07-06 17:40:55',0,NULL,'嘻嘻嘻','天天向上','哈哈哈',1,NULL,NULL,NULL,'共10讲','每周日更新',0,0),
(52,'大威天龙','范德萨发的说法','范德萨发','发 浮点数',NULL,0,0,12.00,'发给都是',12.00,'分都是都是','H:/upload/f50edc22a17e453ea323f90e834936d4qiyu.jpg',NULL,NULL,NULL,'2020-07-06 21:51:24','2020-07-07 22:45:22',0,NULL,'多放点都是','负的的','电饭锅d',0,NULL,NULL,NULL,'发啊','发 发',0,0),
(53,'开胯秘籍','跟着雷教练学习开胯','雷教练','技术精湛安全驾驶30年',NULL,0,0,800.00,'先到先得',88.80,'十年编程两茫茫，工期短，需求长。千行代码，Bug何处藏。纵使上线又如何，新版本，继续忙。黑白颠倒没商量，睡地铺，吃食堂。夜半梦醒，无人在身旁。最怕灯火阑珊时，手机响，心里慌.','/upload/0e26e251c2dd46dbae5a83c33c0b3b89_琦玉.jpg',NULL,NULL,NULL,'2020-07-07 16:21:22','2020-07-07 16:21:22',0,NULL,'IT修炼之路永无止境','金牌讲师带你了解最新最牛的技术让你的实力再次进阶!','hello word',1,NULL,NULL,NULL,'共5讲','每周二更新',0,0),
(55,'开胯秘籍','跟着雷教练学习开胯','雷教练','技术精湛安全驾驶30年',NULL,0,0,800.00,'先到先得',88.80,'十年编程两茫茫，工期短，需求长。千行代码，Bug何处藏。纵使上线又如何，新版本，继续忙。黑白颠倒没商量，睡地铺，吃食堂。夜半梦醒，无人在身旁。最怕灯火阑珊时，手机响，心里慌.','http://localhost:8080/upload/4eec9870aaa4423da23b222883af9012_琦玉.jpg',NULL,NULL,NULL,'2020-07-07 16:42:45','2020-07-07 16:42:45',0,NULL,'IT修炼之路永无止境','金牌讲师带你了解最新最牛的技术让你的实力再次进阶!','hello word',1,NULL,NULL,NULL,'共5讲','每周二更新',0,0),
(56,'传习录','诚意正心 格物致知','阳明先生','范德萨发',NULL,0,0,12.00,'地方',12.00,'发达发发达','H:/upload/38b7772c7ecc40518431b74742172f56琦玉.jpg',NULL,NULL,NULL,'2020-07-07 23:00:47','2020-07-07 23:00:54',0,NULL,'发','发多少','的飞洒',1,NULL,NULL,NULL,'的说法','发达',0,0),
(57,'开胯秘籍','跟着雷教练学习开胯','雷教练','技术精湛安全驾驶30年',NULL,0,0,800.00,'先到先得',88.80,'十年编程两茫茫，工期短，需求长。千行代码，Bug何处藏。纵使上线又如何，新版本，继续忙。黑白颠倒没商量，睡地铺，吃食堂。夜半梦醒，无人在身旁。最怕灯火阑珊时，手机响，心里慌.','http://localhost:8080/upload/17c49ab445594db7b9bfbaa4472b588e_琦玉.jpg',NULL,NULL,NULL,'2020-07-08 11:25:17','2020-07-08 14:18:41',0,NULL,'IT修炼之路永无止境','金牌讲师带你了解最新最牛的技术让你的实力再次进阶!','hello word',0,NULL,NULL,NULL,'共5讲fafsaf','每周二更新fasfdsf',0,0),
(58,'心灵鸡汤','先干为敬','奥利给','奥利给大叔',NULL,0,0,800.00,'先到先得',88.80,'十年编程两茫茫，工期短，需求长。千行代码，Bug何处藏。纵使上线又如何，新版本，继续忙。黑白颠倒没商量，睡地铺，吃食堂。夜半梦醒，无人在身旁。最怕灯火阑珊时，手机响，心里慌.','http://localhost:8080/upload/876fc041e6584f53a166ebe9865d25a6_琦玉.jpg',NULL,NULL,NULL,'2020-07-08 14:17:46','2020-07-08 14:17:46',0,NULL,'IT修炼之路永无止境','金牌讲师带你了解最新最牛的技术让你的实力再次进阶!','hello word',1,NULL,NULL,NULL,'共5讲','每周二更新',0,0),
(59,'Vue.js 教程','Vue.js（读音 /vjuː/, 类似于 view） 是一套构建用户界面的渐进式框架。','老瑞','十年前端教学经验',NULL,0,0,88.00,'先到先得',66.00,'Vue.js（读音 /vjuː/, 类似于 view） 是一套构建用户界面的渐进式框架。\n\nVue 只关注视图层， 采用自底向上增量开发的设计。\n\nVue 的目标是通过尽可能简单的 API 实现响应的数据绑定和组合的视图组件。\n\nVue 学习起来非常简单，本教程基于 Vue 2.1.8 版本测试。','H:/upload/35bccbd756ca4447938d72bdd667a8e5琦玉.jpg',NULL,NULL,NULL,'2020-07-08 14:56:17','2020-07-08 14:56:17',0,NULL,'欢迎和我一起学习','欢迎和我一起学习','欢迎和我一起学习',0,NULL,NULL,NULL,'共10讲','每周二更新',0,0),
(60,'心灵鸡汤','先干为敬','奥利给','奥利给大叔',NULL,0,0,800.00,'先到先得',88.80,'十年编程两茫茫，工期短，需求长。千行代码，Bug何处藏。纵使上线又如何，新版本，继续忙。黑白颠倒没商量，睡地铺，吃食堂。夜半梦醒，无人在身旁。最怕灯火阑珊时，手机响，心里慌.','http://localhost:8080/upload/b7d76f06043f4870bb122aa44278d870_琦玉.jpg',NULL,NULL,NULL,'2020-07-09 19:47:29','2020-07-09 19:50:46',0,NULL,'IT修炼之路永无止境','金牌讲师带你了解最新最牛的技术让你的实力再次进阶!','hello word',1,NULL,NULL,NULL,'共5讲','每周二更新',0,0);

/*Table structure for table `course_lesson` */

DROP TABLE IF EXISTS `course_lesson`;

CREATE TABLE `course_lesson` (
  `id` int(11) unsigned NOT NULL AUTO_INCREMENT COMMENT 'id',
  `course_id` int(11) NOT NULL COMMENT '课程id',
  `section_id` int(11) NOT NULL DEFAULT '0' COMMENT '章节id',
  `theme` varchar(255) NOT NULL COMMENT '课时主题',
  `duration` int(11) NOT NULL DEFAULT '0' COMMENT '课时时长(分钟)',
  `is_free` tinyint(1) NOT NULL DEFAULT '0' COMMENT '是否免费',
  `start_img_url` varchar(255) DEFAULT NULL COMMENT '课时背景图',
  `text_content` mediumtext COMMENT '课时内容',
  `markdown_text_content` mediumtext COMMENT '课时内容（markdown文本）',
  `transcode` varchar(100) DEFAULT NULL COMMENT '转码集合',
  `resource_url` varchar(255) DEFAULT NULL COMMENT '课程资源路径',
  `last_operator_id` int(11) DEFAULT NULL COMMENT '最后操作者id',
  `create_time` datetime DEFAULT NULL COMMENT '记录创建时间',
  `update_time` datetime DEFAULT NULL COMMENT '更新时间',
  `is_del` tinyint(1) DEFAULT '0' COMMENT '是否删除',
  `order_num` int(11) DEFAULT NULL COMMENT '排序字段',
  `ali_file_url` varchar(255) DEFAULT NULL COMMENT '阿里云视频文件URL',
  `ali_file_dk` varchar(255) DEFAULT NULL COMMENT '阿里云视频文件的DK',
  `ali_file_edk` varchar(255) DEFAULT NULL COMMENT '阿里云视频文件的EDK',
  `ali_file_vid` varchar(50) DEFAULT NULL COMMENT '阿里云视频资源文件ID',
  `status` int(2) DEFAULT NULL COMMENT '课时状态,0-隐藏，1-未发布，2-已发布',
  `is_timing_publish` tinyint(1) DEFAULT '0' COMMENT '是否定时发布',
  `publish_time` datetime DEFAULT '1970-01-01 08:00:00' COMMENT '定时发布时间',
  PRIMARY KEY (`id`) USING BTREE,
  KEY `course_id_index` (`course_id`,`section_id`) USING BTREE,
  KEY `idx_sectionId_orderNum` (`section_id`,`order_num`) USING BTREE
) ENGINE=InnoDB AUTO_INCREMENT=52 DEFAULT CHARSET=utf8;

/*Data for the table `course_lesson` */

insert  into `course_lesson`(`id`,`course_id`,`section_id`,`theme`,`duration`,`is_free`,`start_img_url`,`text_content`,`markdown_text_content`,`transcode`,`resource_url`,`last_operator_id`,`create_time`,`update_time`,`is_del`,`order_num`,`ali_file_url`,`ali_file_dk`,`ali_file_edk`,`ali_file_vid`,`status`,`is_timing_publish`,`publish_time`) values 
(1,1,1,'开篇：建立年薪50万的能力框架开篇：建立年薪50万的能力框架开篇：建立年薪50万的能力框架开篇：建立年薪50万的能力框架开篇：建立年薪50万的能力框架',10,1,'//www.lgstatic.com/i/audio1/M00/02/16/CgHIk1xf74aAbJEZABkhEyjXJkk313.png','撒个啥过所噶扩所军军军军军军军军军军军军军军军军军军军军军军军军军军军军军军军军军军或吧扩军寻奥扩好超级卡收藏家看岔路河插卡机好吃烤肠按客户参加<br/>',NULL,NULL,NULL,NULL,'2019-01-23 20:37:02','2020-02-24 18:37:34',0,1,NULL,NULL,NULL,NULL,2,0,'1970-01-01 08:00:00'),
(2,1,1,'第01讲：技术人职业发展路径第01讲：技术人职业发展路径第01讲：技术人职业发展路径',11,0,'//www.lgstatic.com/i/audio1/M00/02/16/CgHIk1xf74aAbJEZABkhEyjXJkk313.png','<p>唐·杜甫《偶题》</p>\n<p>文章千古事，得失寸心知。作者皆殊列，名声岂浪垂。</p>\n<p>骚人嗟不见，汉道盛于斯。前辈飞腾入，馀波绮丽为。</p>\n<p>后贤兼旧列，历代各清规。法自儒家有，心从<a target=\"_blank\" href=\"https://baike.baidu.com/item/%E5%BC%B1%E5%B2%81\" style=\"color: rgb(19, 110, 194); text-decoration-line: none;\">弱岁</a>疲。</p>\n<p>永怀江左逸，多病邺中奇。騄骥皆良马，骐驎带好儿。</p>\n<p>车轮徒已斫，堂构惜仍亏。漫作潜夫论，虚传<a target=\"_blank\" href=\"https://baike.baidu.com/item/%E5%B9%BC%E5%A6%87%E7%A2%91\" style=\"color: rgb(19, 110, 194); text-decoration-line: none;\">幼妇碑</a>。</p>\n<p>缘情慰漂荡，抱疾屡迁移。经济惭长策，飞栖假一枝。</p>\n<p>尘沙傍蜂虿，<a target=\"_blank\" href=\"https://baike.baidu.com/item/%E6%B1%9F%E5%B3%A1\" style=\"color: rgb(19, 110, 194); text-decoration-line: none;\">江峡</a>绕蛟螭。萧瑟唐虞远，联翩楚汉危。</p>\n<p>圣朝兼盗贼，异俗更喧卑。郁郁星辰剑，苍苍<a target=\"_blank\" href=\"https://baike.baidu.com/item/%E4%BA%91%E9%9B%A8\" style=\"color: rgb(19, 110, 194); text-decoration-line: none;\">云雨</a>池。</p>\n<p>两都开幕府，万宇插军麾。南海残铜柱，东风避月支。</p>\n<p>音书恨<a target=\"_blank\" href=\"https://baike.baidu.com/item/%E4%B9%8C%E9%B9%8A\" style=\"color: rgb(19, 110, 194); text-decoration-line: none;\">乌鹊</a>，号怒怪<a target=\"_blank\" href=\"https://baike.baidu.com/item/%E7%86%8A%E7%BD%B4\" style=\"color: rgb(19, 110, 194); text-decoration-line: none;\">熊罴</a>。稼穑分诗兴，柴荆学土宜。</p>\n<p>故山迷<a target=\"_blank\" href=\"https://baike.baidu.com/item/%E7%99%BD%E9%98%81\" style=\"color: rgb(19, 110, 194); text-decoration-line: none;\">白阁</a>，秋水隐<a target=\"_blank\" href=\"https://baike.baidu.com/item/%E9%BB%84%E9%99%82\" style=\"color: rgb(19, 110, 194); text-decoration-line: none;\">黄陂</a>。不敢要佳句，愁来赋别离。</p>\n<p><br></p>\n<p style=\"white-space: normal;\">唐·杜甫《偶题》</p>\n<p style=\"white-space: normal;\">文章千古事，得失寸心知。作者皆殊列，名声岂浪垂。</p>\n<p style=\"white-space: normal;\">骚人嗟不见，汉道盛于斯。前辈飞腾入，馀波绮丽为。</p>\n<p style=\"white-space: normal;\">后贤兼旧列，历代各清规。法自儒家有，心从<a target=\"_blank\" href=\"https://baike.baidu.com/item/%E5%BC%B1%E5%B2%81\" style=\"color: rgb(19, 110, 194); text-decoration-line: none;\">弱岁</a>疲。</p>\n<p style=\"white-space: normal;\">永怀江左逸，多病邺中奇。騄骥皆良马，骐驎带好儿。</p>\n<p style=\"white-space: normal;\">车轮徒已斫，堂构惜仍亏。漫作潜夫论，虚传<a target=\"_blank\" href=\"https://baike.baidu.com/item/%E5%B9%BC%E5%A6%87%E7%A2%91\" style=\"color: rgb(19, 110, 194); text-decoration-line: none;\">幼妇碑</a>。</p>\n<p style=\"white-space: normal;\">缘情慰漂荡，抱疾屡迁移。经济惭长策，飞栖假一枝。</p>\n<p style=\"white-space: normal;\">尘沙傍蜂虿，<a target=\"_blank\" href=\"https://baike.baidu.com/item/%E6%B1%9F%E5%B3%A1\" style=\"color: rgb(19, 110, 194); text-decoration-line: none;\">江峡</a>绕蛟螭。萧瑟唐虞远，联翩楚汉危。</p>\n<p style=\"white-space: normal;\">圣朝兼盗贼，异俗更喧卑。郁郁星辰剑，苍苍<a target=\"_blank\" href=\"https://baike.baidu.com/item/%E4%BA%91%E9%9B%A8\" style=\"color: rgb(19, 110, 194); text-decoration-line: none;\">云雨</a>池。</p>\n<p style=\"white-space: normal;\">两都开幕府，万宇插军麾。南海残铜柱，东风避月支。</p>\n<p style=\"white-space: normal;\">音书恨<a target=\"_blank\" href=\"https://baike.baidu.com/item/%E4%B9%8C%E9%B9%8A\" style=\"color: rgb(19, 110, 194); text-decoration-line: none;\">乌鹊</a>，号怒怪<a target=\"_blank\" href=\"https://baike.baidu.com/item/%E7%86%8A%E7%BD%B4\" style=\"color: rgb(19, 110, 194); text-decoration-line: none;\">熊罴</a>。稼穑分诗兴，柴荆学土宜。</p>\n<p style=\"white-space: normal;\">故山迷<a target=\"_blank\" href=\"https://baike.baidu.com/item/%E7%99%BD%E9%98%81\" style=\"color: rgb(19, 110, 194); text-decoration-line: none;\">白阁</a>，秋水隐<a target=\"_blank\" href=\"https://baike.baidu.com/item/%E9%BB%84%E9%99%82\" style=\"color: rgb(19, 110, 194); text-decoration-line: none;\">黄陂</a>。不敢要佳句，愁来赋别离。</p>\n<p><br></p>\n<p style=\"white-space: normal;\">唐·杜甫《偶题》</p>\n<p style=\"white-space: normal;\">文章千古事，得失寸心知。作者皆殊列，名声岂浪垂。</p>\n<p style=\"white-space: normal;\">骚人嗟不见，汉道盛于斯。前辈飞腾入，馀波绮丽为。</p>\n<p style=\"white-space: normal;\">后贤兼旧列，历代各清规。法自儒家有，心从<a target=\"_blank\" href=\"https://baike.baidu.com/item/%E5%BC%B1%E5%B2%81\" style=\"color: rgb(19, 110, 194); text-decoration-line: none;\">弱岁</a>疲。</p>\n<p style=\"white-space: normal;\">永怀江左逸，多病邺中奇。騄骥皆良马，骐驎带好儿。</p>\n<p style=\"white-space: normal;\">车轮徒已斫，堂构惜仍亏。漫作潜夫论，虚传<a target=\"_blank\" href=\"https://baike.baidu.com/item/%E5%B9%BC%E5%A6%87%E7%A2%91\" style=\"color: rgb(19, 110, 194); text-decoration-line: none;\">幼妇碑</a>。</p>\n<p style=\"white-space: normal;\">缘情慰漂荡，抱疾屡迁移。经济惭长策，飞栖假一枝。</p>\n<p style=\"white-space: normal;\">尘沙傍蜂虿，<a target=\"_blank\" href=\"https://baike.baidu.com/item/%E6%B1%9F%E5%B3%A1\" style=\"color: rgb(19, 110, 194); text-decoration-line: none;\">江峡</a>绕蛟螭。萧瑟唐虞远，联翩楚汉危。</p>\n<p style=\"white-space: normal;\">圣朝兼盗贼，异俗更喧卑。郁郁星辰剑，苍苍<a target=\"_blank\" href=\"https://baike.baidu.com/item/%E4%BA%91%E9%9B%A8\" style=\"color: rgb(19, 110, 194); text-decoration-line: none;\">云雨</a>池。</p>\n<p style=\"white-space: normal;\">两都开幕府，万宇插军麾。南海残铜柱，东风避月支。</p>\n<p style=\"white-space: normal;\">音书恨<a target=\"_blank\" href=\"https://baike.baidu.com/item/%E4%B9%8C%E9%B9%8A\" style=\"color: rgb(19, 110, 194); text-decoration-line: none;\">乌鹊</a>，号怒怪<a target=\"_blank\" href=\"https://baike.baidu.com/item/%E7%86%8A%E7%BD%B4\" style=\"color: rgb(19, 110, 194); text-decoration-line: none;\">熊罴</a>。稼穑分诗兴，柴荆学土宜。</p>\n<p style=\"white-space: normal;\">故山迷<a target=\"_blank\" href=\"https://baike.baidu.com/item/%E7%99%BD%E9%98%81\" style=\"color: rgb(19, 110, 194); text-decoration-line: none;\">白阁</a>，秋水隐<a target=\"_blank\" href=\"https://baike.baidu.com/item/%E9%BB%84%E9%99%82\" style=\"color: rgb(19, 110, 194); text-decoration-line: none;\">黄陂</a>。不敢要佳句，愁来赋别离。</p>\n<p><br></p>\n<p style=\"white-space: normal;\">唐·杜甫《偶题》</p>\n<p style=\"white-space: normal;\">文章千古事，得失寸心知。作者皆殊列，名声岂浪垂。</p>\n<p style=\"white-space: normal;\">骚人嗟不见，汉道盛于斯。前辈飞腾入，馀波绮丽为。</p>\n<p style=\"white-space: normal;\">后贤兼旧列，历代各清规。法自儒家有，心从<a target=\"_blank\" href=\"https://baike.baidu.com/item/%E5%BC%B1%E5%B2%81\" style=\"color: rgb(19, 110, 194); text-decoration-line: none;\">弱岁</a>疲。</p>\n<p style=\"white-space: normal;\">永怀江左逸，多病邺中奇。騄骥皆良马，骐驎带好儿。</p>\n<p style=\"white-space: normal;\">车轮徒已斫，堂构惜仍亏。漫作潜夫论，虚传<a target=\"_blank\" href=\"https://baike.baidu.com/item/%E5%B9%BC%E5%A6%87%E7%A2%91\" style=\"color: rgb(19, 110, 194); text-decoration-line: none;\">幼妇碑</a>。</p>\n<p style=\"white-space: normal;\">缘情慰漂荡，抱疾屡迁移。经济惭长策，飞栖假一枝。</p>\n<p style=\"white-space: normal;\">尘沙傍蜂虿，<a target=\"_blank\" href=\"https://baike.baidu.com/item/%E6%B1%9F%E5%B3%A1\" style=\"color: rgb(19, 110, 194); text-decoration-line: none;\">江峡</a>绕蛟螭。萧瑟唐虞远，联翩楚汉危。</p>\n<p style=\"white-space: normal;\">圣朝兼盗贼，异俗更喧卑。郁郁星辰剑，苍苍<a target=\"_blank\" href=\"https://baike.baidu.com/item/%E4%BA%91%E9%9B%A8\" style=\"color: rgb(19, 110, 194); text-decoration-line: none;\">云雨</a>池。</p>\n<p style=\"white-space: normal;\">两都开幕府，万宇插军麾。南海残铜柱，东风避月支。</p>\n<p style=\"white-space: normal;\">音书恨<a target=\"_blank\" href=\"https://baike.baidu.com/item/%E4%B9%8C%E9%B9%8A\" style=\"color: rgb(19, 110, 194); text-decoration-line: none;\">乌鹊</a>，号怒怪<a target=\"_blank\" href=\"https://baike.baidu.com/item/%E7%86%8A%E7%BD%B4\" style=\"color: rgb(19, 110, 194); text-decoration-line: none;\">熊罴</a>。稼穑分诗兴，柴荆学土宜。</p>\n<p style=\"white-space: normal;\">故山迷<a target=\"_blank\" href=\"https://baike.baidu.com/item/%E7%99%BD%E9%98%81\" style=\"color: rgb(19, 110, 194); text-decoration-line: none;\">白阁</a>，秋水隐<a target=\"_blank\" href=\"https://baike.baidu.com/item/%E9%BB%84%E9%99%82\" style=\"color: rgb(19, 110, 194); text-decoration-line: none;\">黄陂</a>。不敢要佳句，愁来赋别离。</p>\n<p><br></p>\n<p style=\"white-space: normal;\">唐·杜甫《偶题》</p>\n<p style=\"white-space: normal;\">文章千古事，得失寸心知。作者皆殊列，名声岂浪垂。</p>\n<p style=\"white-space: normal;\">骚人嗟不见，汉道盛于斯。前辈飞腾入，馀波绮丽为。</p>\n<p style=\"white-space: normal;\">后贤兼旧列，历代各清规。法自儒家有，心从<a target=\"_blank\" href=\"https://baike.baidu.com/item/%E5%BC%B1%E5%B2%81\" style=\"color: rgb(19, 110, 194); text-decoration-line: none;\">弱岁</a>疲。</p>\n<p style=\"white-space: normal;\">永怀江左逸，多病邺中奇。騄骥皆良马，骐驎带好儿。</p>\n<p style=\"white-space: normal;\">车轮徒已斫，堂构惜仍亏。漫作潜夫论，虚传<a target=\"_blank\" href=\"https://baike.baidu.com/item/%E5%B9%BC%E5%A6%87%E7%A2%91\" style=\"color: rgb(19, 110, 194); text-decoration-line: none;\">幼妇碑</a>。</p>\n<p style=\"white-space: normal;\">缘情慰漂荡，抱疾屡迁移。经济惭长策，飞栖假一枝。</p>\n<p style=\"white-space: normal;\">尘沙傍蜂虿，<a target=\"_blank\" href=\"https://baike.baidu.com/item/%E6%B1%9F%E5%B3%A1\" style=\"color: rgb(19, 110, 194); text-decoration-line: none;\">江峡</a>绕蛟螭。萧瑟唐虞远，联翩楚汉危。</p>\n<p style=\"white-space: normal;\">圣朝兼盗贼，异俗更喧卑。郁郁星辰剑，苍苍<a target=\"_blank\" href=\"https://baike.baidu.com/item/%E4%BA%91%E9%9B%A8\" style=\"color: rgb(19, 110, 194); text-decoration-line: none;\">云雨</a>池。</p>\n<p style=\"white-space: normal;\">两都开幕府，万宇插军麾。南海残铜柱，东风避月支。</p>\n<p style=\"white-space: normal;\">音书恨<a target=\"_blank\" href=\"https://baike.baidu.com/item/%E4%B9%8C%E9%B9%8A\" style=\"color: rgb(19, 110, 194); text-decoration-line: none;\">乌鹊</a>，号怒怪<a target=\"_blank\" href=\"https://baike.baidu.com/item/%E7%86%8A%E7%BD%B4\" style=\"color: rgb(19, 110, 194); text-decoration-line: none;\">熊罴</a>。稼穑分诗兴，柴荆学土宜。</p>\n<p style=\"white-space: normal;\">故山迷<a target=\"_blank\" href=\"https://baike.baidu.com/item/%E7%99%BD%E9%98%81\" style=\"color: rgb(19, 110, 194); text-decoration-line: none;\">白阁</a>，秋水隐<a target=\"_blank\" href=\"https://baike.baidu.com/item/%E9%BB%84%E9%99%82\" style=\"color: rgb(19, 110, 194); text-decoration-line: none;\">黄陂</a>。不敢要佳句，愁来赋别离。</p>\n<p><br></p>\n<p style=\"white-space: normal;\">唐·杜甫《偶题》</p>\n<p style=\"white-space: normal;\">文章千古事，得失寸心知。作者皆殊列，名声岂浪垂。</p>\n<p style=\"white-space: normal;\">骚人嗟不见，汉道盛于斯。前辈飞腾入，馀波绮丽为。</p>\n<p style=\"white-space: normal;\">后贤兼旧列，历代各清规。法自儒家有，心从<a target=\"_blank\" href=\"https://baike.baidu.com/item/%E5%BC%B1%E5%B2%81\" style=\"color: rgb(19, 110, 194); text-decoration-line: none;\">弱岁</a>疲。</p>\n<p style=\"white-space: normal;\">永怀江左逸，多病邺中奇。騄骥皆良马，骐驎带好儿。</p>\n<p style=\"white-space: normal;\">车轮徒已斫，堂构惜仍亏。漫作潜夫论，虚传<a target=\"_blank\" href=\"https://baike.baidu.com/item/%E5%B9%BC%E5%A6%87%E7%A2%91\" style=\"color: rgb(19, 110, 194); text-decoration-line: none;\">幼妇碑</a>。</p>\n<p style=\"white-space: normal;\">缘情慰漂荡，抱疾屡迁移。经济惭长策，飞栖假一枝。</p>\n<p style=\"white-space: normal;\">尘沙傍蜂虿，<a target=\"_blank\" href=\"https://baike.baidu.com/item/%E6%B1%9F%E5%B3%A1\" style=\"color: rgb(19, 110, 194); text-decoration-line: none;\">江峡</a>绕蛟螭。萧瑟唐虞远，联翩楚汉危。</p>\n<p style=\"white-space: normal;\">圣朝兼盗贼，异俗更喧卑。郁郁星辰剑，苍苍<a target=\"_blank\" href=\"https://baike.baidu.com/item/%E4%BA%91%E9%9B%A8\" style=\"color: rgb(19, 110, 194); text-decoration-line: none;\">云雨</a>池。</p>\n<p style=\"white-space: normal;\">两都开幕府，万宇插军麾。南海残铜柱，东风避月支。</p>\n<p style=\"white-space: normal;\">音书恨<a target=\"_blank\" href=\"https://baike.baidu.com/item/%E4%B9%8C%E9%B9%8A\" style=\"color: rgb(19, 110, 194); text-decoration-line: none;\">乌鹊</a>，号怒怪<a target=\"_blank\" href=\"https://baike.baidu.com/item/%E7%86%8A%E7%BD%B4\" style=\"color: rgb(19, 110, 194); text-decoration-line: none;\">熊罴</a>。稼穑分诗兴，柴荆学土宜。</p>\n<p style=\"white-space: normal;\">故山迷<a target=\"_blank\" href=\"https://baike.baidu.com/item/%E7%99%BD%E9%98%81\" style=\"color: rgb(19, 110, 194); text-decoration-line: none;\">白阁</a>，秋水隐<a target=\"_blank\" href=\"https://baike.baidu.com/item/%E9%BB%84%E9%99%82\" style=\"color: rgb(19, 110, 194); text-decoration-line: none;\">黄陂</a>。不敢要佳句，愁来赋别离。</p>\n<p><br></p>',NULL,NULL,NULL,NULL,'2019-01-23 20:38:26','2020-02-29 10:50:49',0,2,NULL,NULL,NULL,NULL,2,0,'1970-01-01 08:00:00'),
(3,1,1,'第02讲（上）：操作系统与计算机网络',12,0,'//www.lgstatic.com/i/audio1/M00/02/16/CgHIk1xf74aAbJEZABkhEyjXJkk313.png','<p>阿什顿发开萨迪克粉红色的接口会发收到货发的客户端复合肥说的很对方式可阿什顿发看见爱上的看法的数据交付</p>\n<p>阿什顿发开萨迪克粉红色的接口会发收到货发的客户端复合肥说的很对方式可阿什顿发看见爱上的看法的数据交付</p>\n<p>阿什顿发开萨迪克粉红色的接口会发收到货发的客户端复合肥说的很对方式可阿什顿发看见爱上的看法的数据交付</p>\n<p>阿什顿发开萨迪克粉红色的接口会发收到货发的客户端复合肥说的很对方式可阿什顿发看见爱上的看法的数据交付</p>',NULL,NULL,NULL,NULL,'2019-01-23 20:41:01','2020-02-29 11:15:02',0,3,NULL,NULL,NULL,NULL,2,0,'1970-01-01 08:00:00'),
(4,1,1,'第02讲（下）：Java语言特性与设计模式',13,0,'//www.lgstatic.com/i/audio1/M00/02/16/CgHIk1xf74aAbJEZABkhEyjXJkk313.png','<p>adkfjalsdkjflsdjf司法解释代课教师打开即可是地方即可圣诞节饭卡时代峻峰速度加快富家大室开发说点击对方极大空间as来得及发卡机东方丽景阿斯利康解放路撒绝对路径法拉的数据</p>',NULL,NULL,NULL,NULL,'2019-01-23 20:42:04','2020-02-29 11:15:05',0,4,NULL,NULL,NULL,NULL,2,0,'1970-01-01 08:00:00'),
(5,1,1,'第03讲：深入浅出JVM',12,0,'//www.lgstatic.com/i/audio1/M00/02/16/CgHIk1xf74aAbJEZABkhEyjXJkk313.png',NULL,NULL,NULL,NULL,NULL,'2019-01-23 20:41:01','2019-01-23 20:41:01',0,5,NULL,NULL,NULL,NULL,2,0,'1970-01-01 08:00:00'),
(6,1,1,'第04讲：并发与多线程',13,0,'//www.lgstatic.com/i/audio1/M00/02/16/CgHIk1xf74aAbJEZABkhEyjXJkk313.png',NULL,NULL,NULL,NULL,NULL,'2019-01-23 20:42:04','2019-01-23 20:42:04',0,6,NULL,NULL,NULL,NULL,2,0,'1970-01-01 08:00:00'),
(7,1,1,'第05讲：数据结构与算法',12,0,'//www.lgstatic.com/i/audio1/M00/02/16/CgHIk1xf74aAbJEZABkhEyjXJkk313.png',NULL,NULL,NULL,NULL,NULL,'2019-01-23 20:41:01','2019-01-23 20:41:01',0,7,NULL,NULL,NULL,NULL,2,0,'1970-01-01 08:00:00'),
(8,1,1,'第06讲：常用工具集',12,0,'//www.lgstatic.com/i/audio1/M00/02/16/CgHIk1xf74aAbJEZABkhEyjXJkk313.png',NULL,NULL,NULL,NULL,NULL,'2019-01-23 20:41:01','2019-01-23 20:41:01',0,8,NULL,NULL,NULL,NULL,2,0,'1970-01-01 08:00:00'),
(9,1,1,'第07讲（上）：必会框架 - Spring全家桶',12,0,'//www.lgstatic.com/i/audio1/M00/02/16/CgHIk1xf74aAbJEZABkhEyjXJkk313.png',NULL,NULL,NULL,NULL,NULL,'2019-01-23 20:41:01','2019-01-23 20:41:01',0,9,NULL,NULL,NULL,NULL,2,0,'1970-01-01 08:00:00'),
(10,1,1,'第07讲（下）：必会框架 - RPC与ORM',12,0,'//www.lgstatic.com/i/audio1/M00/02/16/CgHIk1xf74aAbJEZABkhEyjXJkk313.png',NULL,NULL,NULL,NULL,NULL,'2019-01-23 20:41:01','2019-01-23 20:41:01',0,10,NULL,NULL,NULL,NULL,2,0,'1970-01-01 08:00:00'),
(11,1,1,'第08讲：高并发架构基石 - 缓存',12,0,'//www.lgstatic.com/i/audio1/M00/02/16/CgHIk1xf74aAbJEZABkhEyjXJkk313.png',NULL,NULL,NULL,NULL,NULL,'2019-01-23 20:41:01','2019-01-23 20:41:01',0,11,NULL,NULL,NULL,NULL,2,0,'1970-01-01 08:00:00'),
(12,1,1,'第09讲（上）：消息队列Kafka架构与原理',12,0,'//www.lgstatic.com/i/audio1/M00/02/16/CgHIk1xf74aAbJEZABkhEyjXJkk313.png',NULL,NULL,NULL,NULL,NULL,'2019-01-23 20:41:01','2019-01-23 20:41:01',0,12,NULL,NULL,NULL,NULL,2,0,'1970-01-01 08:00:00'),
(13,1,1,'第09讲（下）：MySQL调优与最佳实践',12,0,'//www.lgstatic.com/i/audio1/M00/02/16/CgHIk1xf74aAbJEZABkhEyjXJkk313.png',NULL,NULL,NULL,NULL,NULL,'2019-03-07 20:41:01','2019-03-07 20:41:01',0,13,NULL,NULL,NULL,NULL,2,0,'1970-01-01 08:00:00'),
(14,1,1,'第10讲：架构的演进之路与前沿技术',12,0,'//www.lgstatic.com/i/audio1/M00/02/16/CgHIk1xf74aAbJEZABkhEyjXJkk313.png',NULL,NULL,NULL,NULL,NULL,'2019-03-07 20:41:01','2019-03-07 20:41:01',0,13,NULL,NULL,NULL,NULL,2,0,'1970-01-01 08:00:00'),
(15,2,2,'第01讲：常用数据结构',0,0,'1',NULL,NULL,NULL,NULL,NULL,'2019-05-29 17:22:02','2019-05-29 17:22:02',0,25,NULL,NULL,NULL,NULL,2,0,'1970-01-01 08:00:00'),
(16,2,2,'第02讲：高级数据结构',0,0,'1',NULL,NULL,NULL,NULL,NULL,'2019-05-29 17:22:02','2019-05-29 17:22:02',0,25,NULL,NULL,NULL,NULL,2,0,'1970-01-01 08:00:00'),
(17,2,2,'第03讲：15分钟搞懂排序与二分搜索',0,0,'1',NULL,NULL,NULL,NULL,NULL,'2019-05-29 17:22:02','2019-05-29 17:22:02',0,25,NULL,NULL,NULL,NULL,2,0,'1970-01-01 08:00:00'),
(18,2,2,'第04讲：15分钟搞懂递归与回溯',0,0,'1',NULL,NULL,NULL,NULL,NULL,'2019-05-29 17:22:02','2019-05-29 17:22:02',0,25,NULL,NULL,NULL,NULL,2,0,'1970-01-01 08:00:00'),
(19,2,2,'第05讲：15分钟搞懂深度与广度优先搜索',0,0,'1',NULL,NULL,NULL,NULL,NULL,'2019-05-29 17:22:02','2019-05-29 17:22:02',0,25,NULL,NULL,NULL,NULL,2,0,'1970-01-01 08:00:00'),
(20,2,2,'第06讲：15分钟搞懂动态规划',0,0,'1',NULL,NULL,NULL,NULL,NULL,'2019-05-29 17:22:02','2019-05-29 17:22:02',0,25,NULL,NULL,NULL,NULL,2,0,'1970-01-01 08:00:00'),
(21,2,2,'第07讲：15分钟搞懂贪婪与位运算',0,0,'1',NULL,NULL,NULL,NULL,NULL,'2019-05-29 17:22:02','2019-05-29 17:22:02',0,25,NULL,NULL,NULL,NULL,2,0,'1970-01-01 08:00:00'),
(22,2,2,'第08讲：大厂高频真题精讲（一）',0,0,'1',NULL,NULL,NULL,NULL,NULL,'2019-05-29 17:22:02','2019-05-29 17:22:02',0,25,NULL,NULL,NULL,NULL,1,0,'1970-01-01 08:00:00'),
(23,2,2,'第09讲：大厂高频真题精讲（二）',0,0,'1',NULL,NULL,NULL,NULL,NULL,'2019-05-29 17:22:02','2019-05-29 17:22:02',0,25,NULL,NULL,NULL,NULL,1,0,'1970-01-01 08:00:00'),
(24,2,2,'第10讲：大厂算法面试难题精讲（一）',0,0,'1',NULL,NULL,NULL,NULL,NULL,'2019-05-29 17:22:02','2019-05-29 17:22:02',0,25,NULL,NULL,NULL,NULL,1,0,'1970-01-01 08:00:00'),
(25,2,2,'第11讲：大厂算法面试难题精讲（二）',0,0,'1',NULL,NULL,NULL,NULL,NULL,'2019-05-29 17:22:02','2019-05-29 17:22:02',0,25,NULL,NULL,NULL,NULL,1,0,'1970-01-01 08:00:00'),
(26,3,3,'第01讲：6大技术岗薪资对比+供需分析',0,1,'1',NULL,NULL,NULL,NULL,NULL,'2019-07-04 12:14:27','2019-07-04 12:14:27',0,NULL,NULL,NULL,NULL,NULL,2,0,'1970-01-01 08:00:00'),
(27,3,3,'第02讲：如何挑选命中率高的好工作？',0,0,'1',NULL,NULL,NULL,NULL,NULL,'2019-07-04 12:14:27','2019-07-04 12:14:27',0,NULL,NULL,NULL,NULL,NULL,2,0,'1970-01-01 08:00:00'),
(28,3,3,'第03讲：诊断：简历为什么被忽视？',0,0,'1',NULL,NULL,NULL,NULL,NULL,'2019-07-04 12:14:27','2019-07-04 12:14:27',0,NULL,NULL,NULL,NULL,NULL,2,0,'1970-01-01 08:00:00'),
(29,3,3,'第04讲：技术简历应该怎么写、怎么投？',0,0,'1',NULL,NULL,NULL,NULL,NULL,'2019-07-04 12:14:27','2019-07-04 12:14:27',0,NULL,NULL,NULL,NULL,NULL,2,0,'1970-01-01 08:00:00'),
(30,3,3,'第05讲：如何提高面试成功率？',0,0,'1',NULL,NULL,NULL,NULL,NULL,'2019-07-04 12:14:27','2019-07-04 12:14:27',0,NULL,NULL,NULL,NULL,NULL,2,0,'1970-01-01 08:00:00'),
(31,3,3,'第06讲：使用STAR法则表现自己',0,0,'1',NULL,NULL,NULL,NULL,NULL,'2019-07-04 12:14:27','2019-07-04 12:14:27',0,NULL,NULL,NULL,NULL,NULL,2,0,'1970-01-01 08:00:00'),
(32,10,5,'第一讲:如何给自己洗脑',10,1,'//www.lgstatic.com/i/audio1/M00/02/16/CgHIk1xf74aAbJEZABkhEyjXJkk313.png','撒个啥过所噶扩所军军军军军军军军军军军军军军军军军军军军军军军军军军军军军军军军军军或吧扩军寻奥扩好超级卡收藏家看岔路河插卡机好吃烤肠按客户参加<br/>',NULL,NULL,NULL,NULL,'2019-01-23 20:37:02','2020-02-24 18:37:34',0,1,NULL,NULL,NULL,NULL,2,0,'1970-01-01 08:00:00'),
(33,10,5,'第二讲:如何给别人洗脑',10,1,'//www.lgstatic.com/i/audio1/M00/02/16/CgHIk1xf74aAbJEZABkhEyjXJkk313.png','撒个啥过所噶扩所军军军军军军军军军军军军军军军军军军军军军军军军军军军军军军军军军军或吧扩军寻奥扩好超级卡收藏家看岔路河插卡机好吃烤肠按客户参加<br/>',NULL,NULL,NULL,NULL,'2019-01-23 20:37:02','2020-02-24 18:37:34',0,1,NULL,NULL,NULL,NULL,2,0,'1970-01-01 08:00:00'),
(34,59,32,'第一讲: Vue.js是什么?',20,1,NULL,NULL,NULL,NULL,NULL,NULL,NULL,NULL,0,1,NULL,NULL,NULL,NULL,NULL,0,'1970-01-01 08:00:00'),
(35,59,32,'第二讲: Vue.js的使用',30,1,NULL,NULL,NULL,NULL,NULL,NULL,NULL,NULL,0,2,NULL,NULL,NULL,NULL,NULL,0,'1970-01-01 08:00:00'),
(36,59,33,'第三讲: Vue入门程序',10,1,NULL,NULL,NULL,NULL,NULL,NULL,NULL,NULL,0,3,NULL,NULL,NULL,NULL,NULL,0,'1970-01-01 08:00:00'),
(37,59,33,'第四讲: Vue常用指令',10,1,NULL,NULL,NULL,NULL,NULL,NULL,NULL,NULL,0,4,NULL,NULL,NULL,NULL,NULL,0,'1970-01-01 08:00:00'),
(38,59,34,'第五讲: axios异步访问',14,1,NULL,NULL,NULL,NULL,NULL,NULL,NULL,NULL,0,5,NULL,NULL,NULL,NULL,NULL,0,'1970-01-01 08:00:00'),
(39,59,34,'第六讲: computed计算属性',14,1,NULL,NULL,NULL,NULL,NULL,NULL,NULL,NULL,0,6,NULL,NULL,NULL,NULL,NULL,0,'1970-01-01 08:00:00'),
(40,59,35,'第七讲: Vue生命周期',13,1,NULL,NULL,NULL,NULL,NULL,NULL,NULL,NULL,0,7,NULL,NULL,NULL,NULL,NULL,0,'1970-01-01 08:00:00'),
(41,59,35,'第八讲: Vue Router路由',12,1,NULL,NULL,NULL,NULL,NULL,NULL,NULL,NULL,0,8,NULL,NULL,NULL,NULL,NULL,0,'1970-01-01 08:00:00');

/*Table structure for table `course_media` */

DROP TABLE IF EXISTS `course_media`;

CREATE TABLE `course_media` (
  `id` int(11) NOT NULL AUTO_INCREMENT COMMENT '课程媒体主键ID',
  `course_id` int(11) NOT NULL COMMENT '课程Id',
  `section_id` int(11) NOT NULL COMMENT '章ID',
  `lesson_id` int(11) NOT NULL COMMENT '课时ID',
  `channel` int(2) DEFAULT NULL COMMENT '媒体渠道，1-阿里云',
  `media_type` int(2) DEFAULT NULL COMMENT '媒体类型，0-音频，1-视频',
  `cover_image_url` varchar(255) COLLATE utf8mb4_unicode_ci DEFAULT NULL COMMENT '封面图URL',
  `duration` varchar(50) COLLATE utf8mb4_unicode_ci DEFAULT NULL COMMENT '时长（06:02）',
  `file_id` varchar(50) COLLATE utf8mb4_unicode_ci DEFAULT NULL COMMENT '媒体资源文件ID',
  `file_url` varchar(512) COLLATE utf8mb4_unicode_ci DEFAULT NULL COMMENT '媒体文件URL,目前只有音频使用',
  `file_edk` varchar(255) COLLATE utf8mb4_unicode_ci DEFAULT NULL COMMENT '媒体资源文件对应的EDK',
  `file_size` double(10,2) DEFAULT NULL COMMENT '文件大小MB',
  `file_name` varchar(100) COLLATE utf8mb4_unicode_ci DEFAULT NULL COMMENT '文件名称',
  `file_dk` varchar(100) COLLATE utf8mb4_unicode_ci DEFAULT NULL COMMENT '媒体资源文件对应的DK',
  `create_time` datetime DEFAULT NULL COMMENT '创建时间',
  `update_time` datetime DEFAULT NULL COMMENT '更新时间',
  `status` int(2) DEFAULT NULL COMMENT '媒体状态',
  `is_del` tinyint(1) DEFAULT '0' COMMENT '是否删除，0未删除，1删除',
  `last_operator_id` int(11) DEFAULT NULL COMMENT '最后操作者ID',
  `duration_num` int(11) DEFAULT NULL COMMENT '时长，秒数（主要用于音频在H5控件中使用）',
  PRIMARY KEY (`id`) USING BTREE,
  UNIQUE KEY `uniq_lessonid_channel_mediatype_idx` (`lesson_id`,`channel`,`media_type`) USING BTREE,
  KEY `fileid_idx` (`file_id`) USING BTREE
) ENGINE=InnoDB DEFAULT CHARSET=utf8mb4 COLLATE=utf8mb4_unicode_ci;

/*Data for the table `course_media` */

/*Table structure for table `course_section` */

DROP TABLE IF EXISTS `course_section`;

CREATE TABLE `course_section` (
  `id` int(11) unsigned NOT NULL AUTO_INCREMENT COMMENT 'id',
  `course_id` int(11) NOT NULL COMMENT '课程id',
  `section_name` varchar(255) NOT NULL COMMENT '章节名',
  `description` varchar(255) NOT NULL COMMENT '章节描述',
  `last_operator` varchar(255) DEFAULT NULL COMMENT '最后操作者',
  `create_time` datetime NOT NULL COMMENT '记录创建时间',
  `update_time` datetime NOT NULL COMMENT '更新时间',
  `is_visible` tinyint(1) DEFAULT '1' COMMENT '是否可见',
  `is_del` tinyint(4) DEFAULT NULL COMMENT '是否删除 0-未删除，1-已删除',
  `order_num` int(11) DEFAULT NULL COMMENT '排序字段',
  `last_operator_id` int(11) DEFAULT NULL COMMENT '最后操作者ID',
  `status` int(1) DEFAULT NULL COMMENT '状态，0:隐藏；1：待更新；2：已发布',
  PRIMARY KEY (`id`) USING BTREE,
  KEY `course_id_index` (`course_id`) USING BTREE,
  KEY `idx_course_id` (`course_id`) USING BTREE
) ENGINE=InnoDB AUTO_INCREMENT=44 DEFAULT CHARSET=utf8;

/*Data for the table `course_section` */

insert  into `course_section`(`id`,`course_id`,`section_name`,`description`,`last_operator`,`create_time`,`update_time`,`is_visible`,`is_del`,`order_num`,`last_operator_id`,`status`) values 
(1,1,'32个Java面试必考点','32个Java面试必考点','1','2019-01-23 20:35:47','2020-07-09 19:38:19',0,0,1,100011619,1),
(2,2,'300分钟搞定算法面试','算法功底决定Offer质量','1','2019-06-19 11:59:14','2020-06-22 19:41:26',0,0,3,NULL,0),
(3,3,'如何高效准备简历和面试','如何高效准备简历和面试','1','2019-07-04 12:13:27','2019-09-04 17:21:53',0,0,4,100011619,2),
(4,4,'高性能MySQL实战','高性能MySQL实战','1','2019-07-11 10:55:10','2019-10-09 12:43:01',0,0,5,100011619,2),
(5,10,'麻式太极第一章','麻式太极拳,你动我试试','1','2019-07-11 10:55:10','2019-10-09 12:43:01',0,0,5,100011619,2),
(6,19,'微服务架构最新版','跟着药水一起学习如何使用微服务架构最新版',NULL,'2020-06-22 16:33:59','2020-06-22 17:59:04',1,NULL,0,NULL,1),
(26,0,'123','213',NULL,'2020-07-01 17:31:31','2020-07-01 17:31:31',1,NULL,123,NULL,2),
(27,0,'马鞍路','2321',NULL,'2020-07-01 17:33:59','2020-07-01 17:33:59',1,NULL,12,NULL,2),
(28,0,'32','12321',NULL,'2020-07-01 17:42:38','2020-07-01 17:42:38',1,NULL,1231,NULL,2),
(29,10,'1233顾地科技的','23211232132132',NULL,'2020-07-01 17:42:55','2020-07-01 19:27:37',1,NULL,12,NULL,2),
(30,10,'麻式太极第一章他官方  ','麻式太极拳,你动我试试1111  ',NULL,'2020-07-01 19:20:50','2020-07-01 19:27:12',1,NULL,5,NULL,2),
(31,10,'麻式太极第一章他官方店官方店方法','麻式太极拳,你动我试试 人让广大',NULL,'2020-07-01 19:22:42','2020-07-01 19:22:42',1,NULL,5,NULL,2),
(32,59,'第一章 Vue.js 介绍','我们可以在 Vue.js 的官网上直接下载 vue.min.js 并用 <script> 标签引入。',NULL,'2020-07-08 14:57:01','2020-07-08 18:18:12',1,NULL,1,NULL,2),
(33,59,'第二章 Vue.js 基础','上一章节中我们使用了 npm 安装项目，我们在 IDE（Eclipse、Atom等） 中打开该目录',NULL,'2020-07-08 14:58:07','2020-07-08 17:03:23',1,NULL,2,NULL,2),
(34,59,'第三章 Vue.js 起步','每个 Vue 应用都需要通过实例化 Vue 来实现。\n\n',NULL,'2020-07-08 14:58:36','2020-07-08 14:58:36',1,NULL,3,NULL,2),
(35,59,'第四章 Vue.js 高级','Vue.js 使用了基于 HTML 的模版语法，允许开发者声明式地将 DOM 绑定至底层 Vue 实例的数据。',NULL,'2020-07-08 14:59:00','2020-07-08 14:59:00',1,NULL,4,NULL,2),
(36,45,'啦啦1地方','发放的说法是否放到放到啊',NULL,'2020-07-08 16:22:21','2020-07-08 17:02:32',1,NULL,2,NULL,2),
(37,47,'01 三脚猫','地方大发a',NULL,'2020-07-08 17:22:33','2020-07-08 17:22:33',1,NULL,2,NULL,2),
(38,46,'第一种 抽烟','如何学会抽烟',NULL,'2020-07-08 18:19:13','2020-07-08 18:19:13',1,NULL,1,NULL,2),
(39,46,'第二种 喝酒','喝酒如何不醉',NULL,'2020-07-08 18:19:36','2020-07-08 18:19:36',1,NULL,2,NULL,2),
(40,59,'Vue高级2','Vue相关的高级技术',NULL,'2020-07-09 10:57:02','2020-07-09 10:57:02',1,NULL,8,NULL,2),
(41,19,'微服务架构1111','跟着药水一起学习如何使用微服务111',NULL,'2020-07-09 16:12:16','2020-07-09 17:27:24',1,NULL,0,NULL,2),
(42,19,'大数据架构1111','跟着药水一起学习如何使用微服务111',NULL,'2020-07-09 17:28:24','2020-07-09 17:28:24',1,NULL,0,NULL,2),
(43,19,'微服务架构123456','跟着药水一起学习如何使用微服务',NULL,'2020-07-09 19:54:33','2020-07-09 19:56:01',1,NULL,0,NULL,0);

/*!40101 SET SQL_MODE=@OLD_SQL_MODE */;
/*!40014 SET FOREIGN_KEY_CHECKS=@OLD_FOREIGN_KEY_CHECKS */;
/*!40014 SET UNIQUE_CHECKS=@OLD_UNIQUE_CHECKS */;
/*!40111 SET SQL_NOTES=@OLD_SQL_NOTES */;
